{
  "modulation": "64-QAM",
  "bits_per_symbol": 6,
  "coding": "conv",
  "code_rate": 0.5,
  "avg_huffman_bits_per_token": 9.466,
  "snr": [
    0,
    3,
    6,
    9,
    12,
    15,
    18
  ],
  "ber": [
    0.49973,
    0.49435,
    0.46255,
    0.21492,
    0.00284,
    0.0,
    0.0
  ],
  "bler": [
    1.0,
    1.0,
    1.0,
    1.0,
    0.46,
    0.0,
    0.0
  ],
  "bleu1": [
    0.1996,
    0.1931,
    0.1973,
    0.3413,
    0.951,
    0.9977,
    0.9977
  ],
  "channel_uses_per_token": [
    3.22,
    3.22,
    3.22,
    3.22,
    3.22,
    3.22,
    3.22
  ]
}