{
  "snr_dB": [
    0,
    3,
    6,
    9,
    12,
    15,
    18
  ],
  "H_cond_bits_per_token": 2.642,
  "M_eff": 6.24,
  "D_complex_symbols": 16,
  "normal_approx_bound": [
    0.003759327010698661,
    1.5254887225140776e-05,
    5.687900880349257e-10,
    3.181873960489466e-17,
    9.080677912706414e-28,
    9.121868235082648e-42,
    3.179110187765163e-59
  ],
  "sphere_packing_bound": [
    0.004708112479529527,
    1.6404061104308134e-06,
    2.067963622703022e-13,
    3.543342654050168e-27,
    1.2088523350319334e-54,
    1.8985570004142855e-109,
    8.514678724094488e-219
  ],
  "measured_TER": [
    0.0511742892459827,
    0.019530284301606922,
    0.015203955500618047,
    0.0138442521631644,
    0.012484548825710755,
    0.01211372064276885,
    0.011001236093943139
  ],
  "note": "All bounds are converses \u2014 no system can go BELOW these TER values."
}