{
  "snr": [
    0,
    3,
    6,
    9,
    12,
    15,
    18
  ],
  "theory_noprior": [
    0.49914130568504333,
    0.4990687072277069,
    0.49899184703826904,
    0.49888530373573303,
    0.49873483180999756,
    0.4985223114490509,
    0.49822211265563965
  ],
  "sim_noprior": [
    0.37950003147125244,
    0.04450000077486038,
    0.0010000000474974513,
    0.0,
    0.0,
    0.0,
    0.0
  ],
  "theory_prior": [
    0.008947485126554966,
    0.0012684077955782413,
    6.826062599429861e-05,
    4.2791896248672856e-07,
    4.144205811851265e-11,
    2.8179611558680747e-18,
    5.134629854052801e-32
  ],
  "sim_fullsystem": [
    0.0511742892459827,
    0.019530284301606922,
    0.015203955500618047,
    0.0138442521631644,
    0.012484548825710755,
    0.01211372064276885,
    0.011001236093943139
  ],
  "dmin_mean_global": 0.005156027618795633,
  "dmin_mean_with_prior": 3.824709415435791,
  "dmin_ratio": 741.7938184608063,
  "K_effective": 1,
  "K_distribution": {
    "mean": 126.58393096923828,
    "median": 1.0,
    "p10": 1.0,
    "p90": 1.0
  },
  "method": "fixed-K_eff from median 99%-mass coverage of the frozen-RoBERTa prior"
}